model,RMSE,MAE,MAPE
ETS,4.377502973268449,3.4002621409035387,2.0112033079874667
SARIMAX,3.000979289757604,2.4556042454272333,1.5096698561686086
Prophet,3.5342903694524237,2.84235184860866,1.7150853153473085
Ensemble,3.5342903694524237,2.84235184860866,1.7150853153473085
